Country,State,Store name,Store code
China,Beijing,Apple Chaoyang Joy City,R645
China,Guangdong,Apple Shenzhen Yitian Holiday Plaza,R484
China,Sichuan,Apple Chengdu Taikoo Li,R580
Germany,Bayern,Apple City-Galerie,R431
Germany,Hessen,Apple Große Bockenheimer Straße,R352
Germany,Nordrhein-Westfalen,Apple Rhein Center,R520
France,Gironde,Apple Sainte-Catherine,R424
France,Yvelines,Apple Parly 2,R374
France,Paris,Apple Marché Saint-Germain,R566
France,Paris,Apple Opéra,R277
France,Puteaux - la Defense,Les Quatre Temps,R178
United Kingdom,,Apple Union Square,R363
United Kingdom,Bristol,Apple Cribbs Causeway,R393
United Kingdom,Cambridgeshire,Apple Grand Arcade,R270
United Kingdom,Edinburgh,Apple Princes Street,R328
United Kingdom,Devon,Apple Princesshay,R279
United Kingdom,Central London,Apple Covent Garden,R245
United Kingdom,Greater London,Apple White City,R226
United Kingdom,Buckinghamshire,Apple Milton Keynes,R269
United Kingdom,Hampshire,Apple Southampton,R174
Italy,Roma,Apple Porta di Roma,R381
Italy,Firenze,Apple I Gigli,R449
Japan,Kyoto,Apple Kyoto,R711
Japan,Tokyo,Apple Ginza,R079
Japan,Aichi prefecture,Apple Nagoya Sakae,R005
United States,Arizona,Apple Chandler Fashion Center,R026
United States,California,Apple Valley Plaza,R550
United States,California,Apple Beverly Center,R124
United States,California,Apple Stonestown,R033
United States,California,Apple Union Square,R075
United States,Colorado,Apple Aspen Grove,R030
United States,Illinois,Apple Lincoln Park,R284
United States,Massachusetts,Apple Boylston Street,R149
United States,Michigan,Apple Briarwood,R230
United States,New Jersey,Apple Cherry Hill,R206
United States,New York,Apple Walden Galleria,R016
United States,New York,Apple Queens Center,R612
United States,New York,Apple Fifth Avenue,R095
United States,New York,Apple Grand Central,R415
United States,Washington,Apple Bellevue Square,R003