Code,Product,Model,Country,Screen,Capacity,Processor,Color
MWP42CH,Mac,Pro,China,13-inch,512GB,2GHz,Space Gray
MWP72CH,Mac,Pro,China,13-inch,512GB,2GHz,Silver
MWP52CH,Mac,Pro,China,13-inch,1TB,2GHz,Space Gray
MWP82CH,Mac,Pro,China,13-inch,1TB,2GHz,Silver
MVVJ2CH,Mac,Pro,China,16-inch,512GB,2.6GHz,Space Gray
MVVL2CH,Mac,Pro,China,16-inch,512GB,2.6GHz,Silver
MVVK2CH,Mac,Pro,China,16-inch,1TB,2.3GHz,Space Gray
MVVM2CH,Mac,Pro,China,16-inch,1TB,2.3GHz,Silver
MYFW2CH,iPad,Air,China,10.9-inch,256GB,,Silver
MYFT2CH,iPad,Air,China,10.9-inch,256GB,,Space Gray
MYFX2CH,iPad,Air,China,10.9-inch,256GB,,Rose Gold
MYG02CH,iPad,Air,China,10.9-inch,256GB,,Green
MYFY2CH,iPad,Air,China,10.9-inch,256GB,,Sky Blue
MYFN2CH,iPad,Air,China,10.9-inch,64GB,,Silver
MYFM2CH,iPad,Air,China,10.9-inch,64GB,,Space Gray
MYFP2CH,iPad,Air,China,10.9-inch,64GB,,Rose Gold
MYFR2CH,iPad,Air,China,10.9-inch,64GB,,Green
MYFQ2CH,iPad,Air,China,10.9-inch,64GB,,Sky Blue
MYL92CH,iPad,iPad,China,10.2-inch,32GB,,Space Gray
MYLA2CH,iPad,iPad,China,10.2-inch,32GB,,Silver
MYLC2CH,iPad,iPad,China,10.2-inch,32GB,,Gold
MYLD2CH,iPad,iPad,China,10.2-inch,128GB,,Space Gray
MYLE2CH,iPad,iPad,China,10.2-inch,128GB,,Silver
MYLF2CH,iPad,iPad,China,10.2-inch,128GB,,Gold
MHQR3CH,iPad,Pro,China,11-inch,128GB,M1 Chip,Space Gray
MHQU3CH,iPad,Pro,China,11-inch,256GB,M1 Chip,Space Gray
MHQW3CH,iPad,Pro,China,11-inch,512GB,M1 Chip,Space Gray
MHQY3CH,iPad,Pro,China,11-inch,1TB,M1 Chip,Space Gray
MHR23CH,iPad,Pro,China,11-inch,2TB,M1 Chip,Space Gray
MHQT3CH,iPad,Pro,China,11-inch,128GB,M1 Chip,Silver
MHQV3CH,iPad,Pro,China,11-inch,256GB,M1 Chip,Silver
MHQX3CH,iPad,Pro,China,11-inch,512GB,M1 Chip,Silver
MHR03CH,iPad,Pro,China,11-inch,1TB,M1 Chip,Silver
MHR33CH,iPad,Pro,China,11-inch,2TB,M1 Chip,Silver
MHNF3CH,iPad,Pro,China,12.9-inch,128GB,M1 Chip,Space Gray
MHNH3CH,iPad,Pro,China,12.9-inch,256GB,M1 Chip,Space Gray
MHNK3CH,iPad,Pro,China,12.9-inch,512GB,M1 Chip,Space Gray
MHNM3CH,iPad,Pro,China,12.9-inch,1TB,M1 Chip,Space Gray
MHNP3CH,iPad,Pro,China,12.9-inch,2TB,M1 Chip,Space Gray
MHNG3CH,iPad,Pro,China,12.9-inch,128GB,M1 Chip,Silver
MHNJ3CH,iPad,Pro,China,12.9-inch,256GB,M1 Chip,Silver
MHNL3CH,iPad,Pro,China,12.9-inch,512GB,M1 Chip,Silver
MHNN3CH,iPad,Pro,China,12.9-inch,1TB,M1 Chip,Silver
MHNQ3CH,iPad,Pro,China,12.9-inch,2TB,M1 Chip,Silver
MUQW2CH,iPad,mini,China,7.9-inch,64GB,,Space Gray
MUQX2CH,iPad,mini,China,7.9-inch,64GB,,Silver
MUQY2CH,iPad,mini,China,7.9-inch,64GB,,Gold
MUU32CH,iPad,mini,China,7.9-inch,256GB,,Space Gray
MUU52CH,iPad,mini,China,7.9-inch,256GB,,Silver
MUU62CH,iPad,mini,China,7.9-inch,256GB,,Gold
MGGM3CH,iPhone,iPhone 12,China,"6.1""",64GB,,Black
MGGU3CH,iPhone,iPhone 12,China,"6.1""",128GB,,Black
MGH13CH,iPhone,iPhone 12,China,"6.1""",256GB,,Black
MGGN3CH,iPhone,iPhone 12,China,"6.1""",64GB,,White
MGGV3CH,iPhone,iPhone 12,China,"6.1""",128GB,,White
MGH23CH,iPhone,iPhone 12,China,"6.1""",256GB,,White
MGGQ3CH,iPhone,iPhone 12,China,"6.1""",64GB,,Blue
MGGX3CH,iPhone,iPhone 12,China,"6.1""",128GB,,Blue
MGH43CH,iPhone,iPhone 12,China,"6.1""",256GB,,Blue
MGGT3CH,iPhone,iPhone 12,China,"6.1""",64GB,,Green
MGGY3CH,iPhone,iPhone 12,China,"6.1""",128GB,,Green
MGH53CH,iPhone,iPhone 12,China,"6.1""",256GB,,Green
MGGP3CH,iPhone,iPhone 12,China,"6.1""",64GB,,Red
MGGW3CH,iPhone,iPhone 12,China,"6.1""",128GB,,Red
MGH33CH,iPhone,iPhone 12,China,"6.1""",256GB,,Red
MG7Y3CH,iPhone,iPhone 12 Mini,China,"5.4""",64GB,,Black
MG843CH,iPhone,iPhone 12 Mini,China,"5.4""",128GB,,Black
MG893CH,iPhone,iPhone 12 Mini,China,"5.4""",256GB,,Black
MG803CH,iPhone,iPhone 12 Mini,China,"5.4""",64GB,,White
MG853CH,iPhone,iPhone 12 Mini,China,"5.4""",128GB,,White
MG8A3CH,iPhone,iPhone 12 Mini,China,"5.4""",256GB,,White
MG823CH,iPhone,iPhone 12 Mini,China,"5.4""",64GB,,Blue
MG873CH,iPhone,iPhone 12 Mini,China,"5.4""",128GB,,Blue
MG8D3CH,iPhone,iPhone 12 Mini,China,"5.4""",256GB,,Blue
MG833CH,iPhone,iPhone 12 Mini,China,"5.4""",64GB,,Green
MG883CH,iPhone,iPhone 12 Mini,China,"5.4""",128GB,,Green
MG8E3CH,iPhone,iPhone 12 Mini,China,"5.4""",256GB,,Green
MG813CH,iPhone,iPhone 12 Mini,China,"5.4""",64GB,,Red
MG863CH,iPhone,iPhone 12 Mini,China,"5.4""",128GB,,Red
MG8C3CH,iPhone,iPhone 12 Mini,China,"5.4""",256GB,,Red
MGL93CH,iPhone,iPhone 12 Pro,China,"6.1""",128GB,,Graphite
MGLE3CH,iPhone,iPhone 12 Pro,China,"6.1""",256GB,,Graphite
MGLJ3CH,iPhone,iPhone 12 Pro,China,"6.1""",512GB,,Graphite
MGLA3CH,iPhone,iPhone 12 Pro,China,"6.1""",128GB,,Silver
MGLF3CH,iPhone,iPhone 12 Pro,China,"6.1""",256GB,,Silver
MGLK3CH,iPhone,iPhone 12 Pro,China,"6.1""",512GB,,Silver
MGLC3CH,iPhone,iPhone 12 Pro,China,"6.1""",128GB,,Gold
MGLG3CH,iPhone,iPhone 12 Pro,China,"6.1""",256GB,,Gold
MGLL3CH,iPhone,iPhone 12 Pro,China,"6.1""",512GB,,Gold
MGLD3CH,iPhone,iPhone 12 Pro,China,"6.1""",128GB,,Pacific Blue
MGLH3CH,iPhone,iPhone 12 Pro,China,"6.1""",256GB,,Pacific Blue
MGLM3CH,iPhone,iPhone 12 Pro,China,"6.1""",512GB,,Pacific Blue
MGC03CH,iPhone,iPhone 12 Pro Max,China,"6.7""",128GB,,Graphite
MGC43CH,iPhone,iPhone 12 Pro Max,China,"6.7""",256GB,,Graphite
MGC93CH,iPhone,iPhone 12 Pro Max,China,"6.7""",512GB,,Graphite
MGC13CH,iPhone,iPhone 12 Pro Max,China,"6.7""",128GB,,Silver
MGC53CH,iPhone,iPhone 12 Pro Max,China,"6.7""",256GB,,Silver
MGCA3CH,iPhone,iPhone 12 Pro Max,China,"6.7""",512GB,,Silver
MGC23CH,iPhone,iPhone 12 Pro Max,China,"6.7""",128GB,,Gold
MGC63CH,iPhone,iPhone 12 Pro Max,China,"6.7""",256GB,,Gold
MGCC3CH,iPhone,iPhone 12 Pro Max,China,"6.7""",512GB,,Gold
MGC33CH,iPhone,iPhone 12 Pro Max,China,"6.7""",128GB,,Pacific Blue
MGC73CH,iPhone,iPhone 12 Pro Max,China,"6.7""",256GB,,Pacific Blue
MGCE3CH,iPhone,iPhone 12 Pro Max,China,"6.7""",512GB,,Pacific Blue
MGN63CH,Mac,Air,US,13-inch,256GB,M1 Chip with 8_Core CPU and 7_Core GPU,Space Gray
MGND3CH,Mac,Air,US,13-inch,256GB,M1 Chip with 8_Core CPU and 7_Core GPU,Gold
MGN93CH,Mac,Air,US,13-inch,256GB,M1 Chip with 8_Core CPU and 7_Core GPU,Silver
MGN73CH,Mac,Air,US,13-inch,512GB,M1 Chip with 8-Core CPU and 8-Core GPU,Space Gray
MGNE3CH,Mac,Air,US,13-inch,512GB,M1 Chip with 8-Core CPU and 8-Core GPU,Gold
MGNA3CH,Mac,Air,US,13-inch,512GB,M1 Chip with 8-Core CPU and 8-Core GPU,Silver
MYD82CH,Mac,Pro,US,13-inch,256GB,M1 Chip with 8-Core CPU and 8-Core GPU,Space Gray
MYDA2CH,Mac,Pro,US,13-inch,256GB,M1 Chip with 8-Core CPU and 8-Core GPU,Silver
MYD92CH,Mac,Pro,US,13-inch,512GB,M1 Chip with 8-Core CPU and 8-Core GPU,Space Gray
MYDC2CH,Mac,Pro,US,13-inch,512GB,M1 Chip with 8-Core CPU and 8-Core GPU,Silver
MHEV3CH,iPhone,iPhone 11,China,"6.1""",128GB,,Black