Code,Product,Model,Country,Screen,Capacity,Processor,Color
MWP42J,Mac,Pro,Japan,13-inch,512GB,2GHz,Space Gray
MWP72J,Mac,Pro,Japan,13-inch,512GB,2GHz,Silver
MWP52J,Mac,Pro,Japan,13-inch,1TB,2GHz,Space Gray
MWP82J,Mac,Pro,Japan,13-inch,1TB,2GHz,Silver
MVVJ2J,Mac,Pro,Japan,16-inch,512GB,2.6GHz,Space Gray
MVVL2J,Mac,Pro,Japan,16-inch,512GB,2.6GHz,Silver
MVVK2J,Mac,Pro,Japan,16-inch,1TB,2.3GHz,Space Gray
MVVM2J,Mac,Pro,Japan,16-inch,1TB,2.3GHz,Silver
MYFW2J,iPad,Air,Japan,10.9-inch,256GB,,Silver
MYFT2J,iPad,Air,Japan,10.9-inch,256GB,,Space Gray
MYFX2J,iPad,Air,Japan,10.9-inch,256GB,,Rose Gold
MYG02J,iPad,Air,Japan,10.9-inch,256GB,,Green
MYFY2J,iPad,Air,Japan,10.9-inch,256GB,,Sky Blue
MYFN2J,iPad,Air,Japan,10.9-inch,64GB,,Silver
MYFM2J,iPad,Air,Japan,10.9-inch,64GB,,Space Gray
MYFP2J,iPad,Air,Japan,10.9-inch,64GB,,Rose Gold
MYFR2J,iPad,Air,Japan,10.9-inch,64GB,,Green
MYFQ2J,iPad,Air,Japan,10.9-inch,64GB,,Sky Blue
MYL92J,iPad,iPad,Japan,10.2-inch,32GB,,Space Gray
MYLA2J,iPad,iPad,Japan,10.2-inch,32GB,,Silver
MYLC2J,iPad,iPad,Japan,10.2-inch,32GB,,Gold
MYLD2J,iPad,iPad,Japan,10.2-inch,128GB,,Space Gray
MYLE2J,iPad,iPad,Japan,10.2-inch,128GB,,Silver
MYLF2J,iPad,iPad,Japan,10.2-inch,128GB,,Gold
MHQR3J,iPad,Pro,Japan,11-inch,128GB,M1 Chip,Space Gray
MHQU3J,iPad,Pro,Japan,11-inch,256GB,M1 Chip,Space Gray
MHQW3J,iPad,Pro,Japan,11-inch,512GB,M1 Chip,Space Gray
MHQY3J,iPad,Pro,Japan,11-inch,1TB,M1 Chip,Space Gray
MHR23J,iPad,Pro,Japan,11-inch,2TB,M1 Chip,Space Gray
MHQT3J,iPad,Pro,Japan,11-inch,128GB,M1 Chip,Silver
MHQV3J,iPad,Pro,Japan,11-inch,256GB,M1 Chip,Silver
MHQX3J,iPad,Pro,Japan,11-inch,512GB,M1 Chip,Silver
MHR03J,iPad,Pro,Japan,11-inch,1TB,M1 Chip,Silver
MHR33J,iPad,Pro,Japan,11-inch,2TB,M1 Chip,Silver
MHNF3J,iPad,Pro,Japan,12.9-inch,128GB,M1 Chip,Space Gray
MHNH3J,iPad,Pro,Japan,12.9-inch,256GB,M1 Chip,Space Gray
MHNK3J,iPad,Pro,Japan,12.9-inch,512GB,M1 Chip,Space Gray
MHNM3J,iPad,Pro,Japan,12.9-inch,1TB,M1 Chip,Space Gray
MHNP3J,iPad,Pro,Japan,12.9-inch,2TB,M1 Chip,Space Gray
MHNG3J,iPad,Pro,Japan,12.9-inch,128GB,M1 Chip,Silver
MHNJ3J,iPad,Pro,Japan,12.9-inch,256GB,M1 Chip,Silver
MHNL3J,iPad,Pro,Japan,12.9-inch,512GB,M1 Chip,Silver
MHNN3J,iPad,Pro,Japan,12.9-inch,1TB,M1 Chip,Silver
MHNQ3J,iPad,Pro,Japan,12.9-inch,2TB,M1 Chip,Silver
MUQW2J,iPad,mini,Japan,7.9-inch,64GB,,Space Gray
MUQX2J,iPad,mini,Japan,7.9-inch,64GB,,Silver
MUQY2J,iPad,mini,Japan,7.9-inch,64GB,,Gold
MUU32J,iPad,mini,Japan,7.9-inch,256GB,,Space Gray
MUU52J,iPad,mini,Japan,7.9-inch,256GB,,Silver
MUU62J,iPad,mini,Japan,7.9-inch,256GB,,Gold
MGHN3J,iPhone,iPhone 12,Japan,"6.1""",64GB,,Black
MGHU3J,iPhone,iPhone 12,Japan,"6.1""",128GB,,Black
MGJ03J,iPhone,iPhone 12,Japan,"6.1""",256GB,,Black
MGHP3J,iPhone,iPhone 12,Japan,"6.1""",64GB,,White
MGHV3J,iPhone,iPhone 12,Japan,"6.1""",128GB,,White
MGJ13J,iPhone,iPhone 12,Japan,"6.1""",256GB,,White
MGHR3J,iPhone,iPhone 12,Japan,"6.1""",64GB,,Blue
MGHX3J,iPhone,iPhone 12,Japan,"6.1""",128GB,,Blue
MGJ33J,iPhone,iPhone 12,Japan,"6.1""",256GB,,Blue
MGHT3J,iPhone,iPhone 12,Japan,"6.1""",64GB,,Green
MGHY3J,iPhone,iPhone 12,Japan,"6.1""",128GB,,Green
MGJ43J,iPhone,iPhone 12,Japan,"6.1""",256GB,,Green
MGHQ3J,iPhone,iPhone 12,Japan,"6.1""",64GB,,Red
MGHW3J,iPhone,iPhone 12,Japan,"6.1""",128GB,,Red
MGJ23J,iPhone,iPhone 12,Japan,"6.1""",256GB,,Red
MGA03J,iPhone,iPhone 12 Mini,Japan,"5.4""",64GB,,Black
MGDJ3J,iPhone,iPhone 12 Mini,Japan,"5.4""",128GB,,Black
MGDR3J,iPhone,iPhone 12 Mini,Japan,"5.4""",256GB,,Black
MGA63J,iPhone,iPhone 12 Mini,Japan,"5.4""",64GB,,White
MGDM3J,iPhone,iPhone 12 Mini,Japan,"5.4""",128GB,,White
MGDT3J,iPhone,iPhone 12 Mini,Japan,"5.4""",256GB,,White
MGAP3J,iPhone,iPhone 12 Mini,Japan,"5.4""",64GB,,Blue
MGDP3J,iPhone,iPhone 12 Mini,Japan,"5.4""",128GB,,Blue
MGDV3J,iPhone,iPhone 12 Mini,Japan,"5.4""",256GB,,Blue
MGAV3J,iPhone,iPhone 12 Mini,Japan,"5.4""",64GB,,Green
MGDQ3J,iPhone,iPhone 12 Mini,Japan,"5.4""",128GB,,Green
MGDW3J,iPhone,iPhone 12 Mini,Japan,"5.4""",256GB,,Green
MGAE3J,iPhone,iPhone 12 Mini,Japan,"5.4""",64GB,,Red
MGDN3J,iPhone,iPhone 12 Mini,Japan,"5.4""",128GB,,Red
MGDU3J,iPhone,iPhone 12 Mini,Japan,"5.4""",256GB,,Red
MGM53J,iPhone,iPhone 12 Pro,Japan,"6.1""",128GB,,Graphite
MGM93J,iPhone,iPhone 12 Pro,Japan,"6.1""",256GB,,Graphite
MGMF3J,iPhone,iPhone 12 Pro,Japan,"6.1""",512GB,,Graphite
MGM63J,iPhone,iPhone 12 Pro,Japan,"6.1""",128GB,,Silver
MGMA3J,iPhone,iPhone 12 Pro,Japan,"6.1""",256GB,,Silver
MGMG3J,iPhone,iPhone 12 Pro,Japan,"6.1""",512GB,,Silver
MGM73J,iPhone,iPhone 12 Pro,Japan,"6.1""",128GB,,Gold
MGMC3J,iPhone,iPhone 12 Pro,Japan,"6.1""",256GB,,Gold
MGMH3J,iPhone,iPhone 12 Pro,Japan,"6.1""",512GB,,Gold
MGM83J,iPhone,iPhone 12 Pro,Japan,"6.1""",128GB,,Pacific Blue
MGMD3J,iPhone,iPhone 12 Pro,Japan,"6.1""",256GB,,Pacific Blue
MGMJ3J,iPhone,iPhone 12 Pro,Japan,"6.1""",512GB,,Pacific Blue
MGCU3J,iPhone,iPhone 12 Pro Max,Japan,"6.7""",128GB,,Graphite
MGCY3J,iPhone,iPhone 12 Pro Max,Japan,"6.7""",256GB,,Graphite
MGD33J,iPhone,iPhone 12 Pro Max,Japan,"6.7""",512GB,,Graphite
MGCV3J,iPhone,iPhone 12 Pro Max,Japan,"6.7""",128GB,,Silver
MGD03J,iPhone,iPhone 12 Pro Max,Japan,"6.7""",256GB,,Silver
MGD43J,iPhone,iPhone 12 Pro Max,Japan,"6.7""",512GB,,Silver
MGCW3J,iPhone,iPhone 12 Pro Max,Japan,"6.7""",128GB,,Gold
MGD13J,iPhone,iPhone 12 Pro Max,Japan,"6.7""",256GB,,Gold
MGD53J,iPhone,iPhone 12 Pro Max,Japan,"6.7""",512GB,,Gold
MGCX3J,iPhone,iPhone 12 Pro Max,Japan,"6.7""",128GB,,Pacific Blue
MGD23J,iPhone,iPhone 12 Pro Max,Japan,"6.7""",256GB,,Pacific Blue
MGD63J,iPhone,iPhone 12 Pro Max,Japan,"6.7""",512GB,,Pacific Blue
MGN63J,Mac,Air,US,13-inch,256GB,M1 Chip with 8_Core CPU and 7_Core GPU,Space Gray
MGND3J,Mac,Air,US,13-inch,256GB,M1 Chip with 8_Core CPU and 7_Core GPU,Gold
MGN93J,Mac,Air,US,13-inch,256GB,M1 Chip with 8_Core CPU and 7_Core GPU,Silver
MGN73J,Mac,Air,US,13-inch,512GB,M1 Chip with 8-Core CPU and 8-Core GPU,Space Gray
MGNE3J,Mac,Air,US,13-inch,512GB,M1 Chip with 8-Core CPU and 8-Core GPU,Gold
MGNA3J,Mac,Air,US,13-inch,512GB,M1 Chip with 8-Core CPU and 8-Core GPU,Silver
MYD82J,Mac,Pro,US,13-inch,256GB,M1 Chip with 8-Core CPU and 8-Core GPU,Space Gray
MYDA2J,Mac,Pro,US,13-inch,256GB,M1 Chip with 8-Core CPU and 8-Core GPU,Silver
MYD92J,Mac,Pro,US,13-inch,512GB,M1 Chip with 8-Core CPU and 8-Core GPU,Space Gray
MYDC2J,Mac,Pro,US,13-inch,512GB,M1 Chip with 8-Core CPU and 8-Core GPU,Silver