Code,Product,Model,Country,Screen,Capacity,Processor,Color
MGEF3LL,iPhone,iPhone 12,US,"6.1""",64GB,AT&T,Black
MGG53LL,iPhone,iPhone 12,US,"6.1""",64GB,Sprint,Black
MGFL3LL,iPhone,iPhone 12,US,"6.1""",64GB,T-Mobile,Black
MGF43LL,iPhone,iPhone 12,US,"6.1""",64GB,Verizon,Black
MGER3LL,iPhone,iPhone 12,US,"6.1""",128GB,AT&T,Black
MGGA3LL,iPhone,iPhone 12,US,"6.1""",128GB,Sprint,Black
MGFR3LL,iPhone,iPhone 12,US,"6.1""",128GB,T-Mobile,Black
MGF93LL,iPhone,iPhone 12,US,"6.1""",128GB,Verizon,Black
MGEX3LL,iPhone,iPhone 12,US,"6.1""",256GB,AT&T,Black
MGGG3LL,iPhone,iPhone 12,US,"6.1""",256GB,Sprint,Black
MGG03LL,iPhone,iPhone 12,US,"6.1""",256GB,T-Mobile,Black
MGFF3LL,iPhone,iPhone 12,US,"6.1""",256GB,Verizon,Black
MG603LL,iPhone,iPhone 12 Mini,US,"5.4""",64GB,AT&T,Black
MG7G3LL,iPhone,iPhone 12 Mini,US,"5.4""",64GB,Sprint,Black
MG703LL,iPhone,iPhone 12 Mini,US,"5.4""",64GB,T-Mobile,Black
MG6G3LL,iPhone,iPhone 12 Mini,US,"5.4""",64GB,Verizon,Black
MG653LL,iPhone,iPhone 12 Mini,US,"5.4""",128GB,AT&T,Black
MG7M3LL,iPhone,iPhone 12 Mini,US,"5.4""",128GB,Sprint,Black
MG753LL,iPhone,iPhone 12 Mini,US,"5.4""",128GB,T-Mobile,Black
MG6M3LL,iPhone,iPhone 12 Mini,US,"5.4""",128GB,Verizon,Black
MG6A3LL,iPhone,iPhone 12 Mini,US,"5.4""",256GB,AT&T,Black
MG7T3LL,iPhone,iPhone 12 Mini,US,"5.4""",256GB,Sprint,Black
MG7A3LL,iPhone,iPhone 12 Mini,US,"5.4""",256GB,T-Mobile,Black
MG6U3LL,iPhone,iPhone 12 Mini,US,"5.4""",256GB,Verizon,Black
MGJM3LL,iPhone,iPhone 12 Pro,US,"6.1""",128GB,AT&T,Graphite
MGKV3LL,iPhone,iPhone 12 Pro,US,"6.1""",128GB,Sprint,Graphite
MGKG3LL,iPhone,iPhone 12 Pro,US,"6.1""",128GB,T-Mobile,Graphite
MGK13LL,iPhone,iPhone 12 Pro,US,"6.1""",128GB,Verizon,Graphite
MGJR3LL,iPhone,iPhone 12 Pro,US,"6.1""",256GB,AT&T,Graphite
MGL03LL,iPhone,iPhone 12 Pro,US,"6.1""",256GB,Sprint,Graphite
MGKL3LL,iPhone,iPhone 12 Pro,US,"6.1""",256GB,T-Mobile,Graphite
MGK53LL,iPhone,iPhone 12 Pro,US,"6.1""",256GB,Verizon,Graphite
MGJM3LL,iPhone,iPhone 12 Pro,US,"6.1""",512GB,AT&T,Graphite
MGL53LL,iPhone,iPhone 12 Pro,US,"6.1""",512GB,Sprint,Graphite
MGKQ3LL,iPhone,iPhone 12 Pro,US,"6.1""",512GB,T-Mobile,Graphite
MGKA3LL,iPhone,iPhone 12 Pro,US,"6.1""",512GB,Verizon,Graphite
MG8X3LL,iPhone,iPhone 12 Pro Max,US,"6.7""",128GB,AT&T,Graphite
MGA73LL,iPhone,iPhone 12 Pro Max,US,"6.7""",128GB,Sprint,Graphite
MG9P3LL,iPhone,iPhone 12 Pro Max,US,"6.7""",128GB,T-Mobile,Graphite
MG9A3LL,iPhone,iPhone 12 Pro Max,US,"6.7""",128GB,Verizon,Graphite
MG923LL,iPhone,iPhone 12 Pro Max,US,"6.7""",256GB,AT&T,Graphite
MGAH3LL,iPhone,iPhone 12 Pro Max,US,"6.7""",256GB,Sprint,Graphite
MG9U3LL,iPhone,iPhone 12 Pro Max,US,"6.7""",256GB,T-Mobile,Graphite
MG9F3LL,iPhone,iPhone 12 Pro Max,US,"6.7""",256GB,Verizon,Graphite
MG963LL,iPhone,iPhone 12 Pro Max,US,"6.7""",512GB,AT&T,Graphite
MGAR3LL,iPhone,iPhone 12 Pro Max,US,"6.7""",512GB,Sprint,Graphite
MG9Y3LL,iPhone,iPhone 12 Pro Max,US,"6.7""",512GB,T-Mobile,Graphite
MG9K3LL,iPhone,iPhone 12 Pro Max,US,"6.7""",512GB,Verizon,Graphite