Code,Product,Model,Country,Screen,Capacity,Processor,Color
MWP42B,Mac,Pro,UK,13-inch,512GB,2GHz,Space Gray
MWP72B,Mac,Pro,UK,13-inch,512GB,2GHz,Silver
MWP52B,Mac,Pro,UK,13-inch,1TB,2GHz,Space Gray
MWP82B,Mac,Pro,UK,13-inch,1TB,2GHz,Silver
MVVJ2B,Mac,Pro,UK,16-inch,512GB,2.6GHz,Space Gray
MVVL2B,Mac,Pro,UK,16-inch,512GB,2.6GHz,Silver
MVVK2B,Mac,Pro,UK,16-inch,1TB,2.3GHz,Space Gray
MVVM2B,Mac,Pro,UK,16-inch,1TB,2.3GHz,Silver
MYFW2B,iPad,Air,UK,10.9-inch,256GB,,Silver
MYFT2B,iPad,Air,UK,10.9-inch,256GB,,Space Gray
MYFX2B,iPad,Air,UK,10.9-inch,256GB,,Rose Gold
MYG02B,iPad,Air,UK,10.9-inch,256GB,,Green
MYFY2B,iPad,Air,UK,10.9-inch,256GB,,Sky Blue
MYFN2B,iPad,Air,UK,10.9-inch,64GB,,Silver
MYFM2B,iPad,Air,UK,10.9-inch,64GB,,Space Gray
MYFP2B,iPad,Air,UK,10.9-inch,64GB,,Rose Gold
MYFR2B,iPad,Air,UK,10.9-inch,64GB,,Green
MYFQ2B,iPad,Air,UK,10.9-inch,64GB,,Sky Blue
MYL92B,iPad,iPad,UK,10.2-inch,32GB,,Space Gray
MYLA2B,iPad,iPad,UK,10.2-inch,32GB,,Silver
MYLC2B,iPad,iPad,UK,10.2-inch,32GB,,Gold
MYLD2B,iPad,iPad,UK,10.2-inch,128GB,,Space Gray
MYLE2B,iPad,iPad,UK,10.2-inch,128GB,,Silver
MYLF2B,iPad,iPad,UK,10.2-inch,128GB,,Gold
MHQR3B,iPad,Pro,UK,11-inch,128GB,M1 Chip,Space Gray
MHQU3B,iPad,Pro,UK,11-inch,256GB,M1 Chip,Space Gray
MHQW3B,iPad,Pro,UK,11-inch,512GB,M1 Chip,Space Gray
MHQY3B,iPad,Pro,UK,11-inch,1TB,M1 Chip,Space Gray
MHR23B,iPad,Pro,UK,11-inch,2TB,M1 Chip,Space Gray
MHQT3B,iPad,Pro,UK,11-inch,128GB,M1 Chip,Silver
MHQV3B,iPad,Pro,UK,11-inch,256GB,M1 Chip,Silver
MHQX3B,iPad,Pro,UK,11-inch,512GB,M1 Chip,Silver
MHR03B,iPad,Pro,UK,11-inch,1TB,M1 Chip,Silver
MHR33B,iPad,Pro,UK,11-inch,2TB,M1 Chip,Silver
MHNF3B,iPad,Pro,UK,12.9-inch,128GB,M1 Chip,Space Gray
MHNH3B,iPad,Pro,UK,12.9-inch,256GB,M1 Chip,Space Gray
MHNK3B,iPad,Pro,UK,12.9-inch,512GB,M1 Chip,Space Gray
MHNM3B,iPad,Pro,UK,12.9-inch,1TB,M1 Chip,Space Gray
MHNP3B,iPad,Pro,UK,12.9-inch,2TB,M1 Chip,Space Gray
MHNG3B,iPad,Pro,UK,12.9-inch,128GB,M1 Chip,Silver
MHNJ3B,iPad,Pro,UK,12.9-inch,256GB,M1 Chip,Silver
MHNL3B,iPad,Pro,UK,12.9-inch,512GB,M1 Chip,Silver
MHNN3B,iPad,Pro,UK,12.9-inch,1TB,M1 Chip,Silver
MHNQ3B,iPad,Pro,UK,12.9-inch,2TB,M1 Chip,Silver
MUQW2B,iPad,mini,UK,7.9-inch,64GB,,Space Gray
MUQX2B,iPad,mini,UK,7.9-inch,64GB,,Silver
MUQY2B,iPad,mini,UK,7.9-inch,64GB,,Gold
MUU32B,iPad,mini,UK,7.9-inch,256GB,,Space Gray
MUU52B,iPad,mini,UK,7.9-inch,256GB,,Silver
MUU62B,iPad,mini,UK,7.9-inch,256GB,,Gold
MGJ53B,iPhone,iPhone 12,UK,"6.1""",64GB,,Black
MGJA3B,iPhone,iPhone 12,UK,"6.1""",128GB,,Black
MGJG3B,iPhone,iPhone 12,UK,"6.1""",256GB,,Black
MGJ63B,iPhone,iPhone 12,UK,"6.1""",64GB,,White
MGJC3B,iPhone,iPhone 12,UK,"6.1""",128GB,,White
MGJH3B,iPhone,iPhone 12,UK,"6.1""",256GB,,White
MGJ83B,iPhone,iPhone 12,UK,"6.1""",64GB,,Blue
MGJE3B,iPhone,iPhone 12,UK,"6.1""",128GB,,Blue
MGJK3B,iPhone,iPhone 12,UK,"6.1""",256GB,,Blue
MGJ93B,iPhone,iPhone 12,UK,"6.1""",64GB,,Green
MGJF3B,iPhone,iPhone 12,UK,"6.1""",128GB,,Green
MGJL3B,iPhone,iPhone 12,UK,"6.1""",256GB,,Green
MGJ73B,iPhone,iPhone 12,UK,"6.1""",64GB,,Red
MGJD3B,iPhone,iPhone 12,UK,"6.1""",128GB,,Red
MGJJ3B,iPhone,iPhone 12,UK,"6.1""",256GB,,Red
MGDX3B,iPhone,iPhone 12 Mini,UK,"5.4""",64GB,,Black
MGE33B,iPhone,iPhone 12 Mini,UK,"5.4""",128GB,,Black
MGE93B,iPhone,iPhone 12 Mini,UK,"5.4""",256GB,,Black
MGDY3B,iPhone,iPhone 12 Mini,UK,"5.4""",64GB,,White
MGE43B,iPhone,iPhone 12 Mini,UK,"5.4""",128GB,,White
MGEA3B,iPhone,iPhone 12 Mini,UK,"5.4""",256GB,,White
MGE13B,iPhone,iPhone 12 Mini,UK,"5.4""",64GB,,Blue
MGE63B,iPhone,iPhone 12 Mini,UK,"5.4""",128GB,,Blue
MGED3B,iPhone,iPhone 12 Mini,UK,"5.4""",256GB,,Blue
MGE23B,iPhone,iPhone 12 Mini,UK,"5.4""",64GB,,Green
MGE73B,iPhone,iPhone 12 Mini,UK,"5.4""",128GB,,Green
MGEE3B,iPhone,iPhone 12 Mini,UK,"5.4""",256GB,,Green
MGE03B,iPhone,iPhone 12 Mini,UK,"5.4""",64GB,,Red
MGE53B,iPhone,iPhone 12 Mini,UK,"5.4""",128GB,,Red
MGEC3B,iPhone,iPhone 12 Mini,UK,"5.4""",256GB,,Red
MGMK3B,iPhone,iPhone 12 Pro,UK,"6.1""",128GB,,Graphite
MGMP3B,iPhone,iPhone 12 Pro,UK,"6.1""",256GB,,Graphite
MGMU3B,iPhone,iPhone 12 Pro,UK,"6.1""",512GB,,Graphite
MGML3B,iPhone,iPhone 12 Pro,UK,"6.1""",128GB,,Silver
MGMQ3B,iPhone,iPhone 12 Pro,UK,"6.1""",256GB,,Silver
MGMV3B,iPhone,iPhone 12 Pro,UK,"6.1""",512GB,,Silver
MGMM3B,iPhone,iPhone 12 Pro,UK,"6.1""",128GB,,Gold
MGMR3B,iPhone,iPhone 12 Pro,UK,"6.1""",256GB,,Gold
MGMW3B,iPhone,iPhone 12 Pro,UK,"6.1""",512GB,,Gold
MGMN3B,iPhone,iPhone 12 Pro,UK,"6.1""",128GB,,Pacific Blue
MGMT3B,iPhone,iPhone 12 Pro,UK,"6.1""",256GB,,Pacific Blue
MGMX3B,iPhone,iPhone 12 Pro,UK,"6.1""",512GB,,Pacific Blue
MGD73B,iPhone,iPhone 12 Pro Max,UK,"6.7""",128GB,,Graphite
MGDC3B,iPhone,iPhone 12 Pro Max,UK,"6.7""",256GB,,Graphite
MGDG3B,iPhone,iPhone 12 Pro Max,UK,"6.7""",512GB,,Graphite
MGD83B,iPhone,iPhone 12 Pro Max,UK,"6.7""",128GB,,Silver
MGDD3B,iPhone,iPhone 12 Pro Max,UK,"6.7""",256GB,,Silver
MGDH3B,iPhone,iPhone 12 Pro Max,UK,"6.7""",512GB,,Silver
MGD93B,iPhone,iPhone 12 Pro Max,UK,"6.7""",128GB,,Gold
MGDE3B,iPhone,iPhone 12 Pro Max,UK,"6.7""",256GB,,Gold
MGDK3B,iPhone,iPhone 12 Pro Max,UK,"6.7""",512GB,,Gold
MGDA3B,iPhone,iPhone 12 Pro Max,UK,"6.7""",128GB,,Pacific Blue
MGDF3B,iPhone,iPhone 12 Pro Max,UK,"6.7""",256GB,,Pacific Blue
MGDL3B,iPhone,iPhone 12 Pro Max,UK,"6.7""",512GB,,Pacific Blue
MGN63B,Mac,Air,US,13-inch,256GB,M1 Chip with 8_Core CPU and 7_Core GPU,Space Gray
MGND3B,Mac,Air,US,13-inch,256GB,M1 Chip with 8_Core CPU and 7_Core GPU,Gold
MGN93B,Mac,Air,US,13-inch,256GB,M1 Chip with 8_Core CPU and 7_Core GPU,Silver
MGN73B,Mac,Air,US,13-inch,512GB,M1 Chip with 8-Core CPU and 8-Core GPU,Space Gray
MGNE3B,Mac,Air,US,13-inch,512GB,M1 Chip with 8-Core CPU and 8-Core GPU,Gold
MGNA3B,Mac,Air,US,13-inch,512GB,M1 Chip with 8-Core CPU and 8-Core GPU,Silver
MYD82B,Mac,Pro,US,13-inch,256GB,M1 Chip with 8-Core CPU and 8-Core GPU,Space Gray
MYDA2B,Mac,Pro,US,13-inch,256GB,M1 Chip with 8-Core CPU and 8-Core GPU,Silver
MYD92B,Mac,Pro,US,13-inch,512GB,M1 Chip with 8-Core CPU and 8-Core GPU,Space Gray
MYDC2B,Mac,Pro,US,13-inch,512GB,M1 Chip with 8-Core CPU and 8-Core GPU,Silver