Code,Product,Model,Country,Screen,Capacity,Processor,Color
MWP42D,Mac,Pro,Germany,13-inch,512GB,2GHz,Space Gray
MWP72D,Mac,Pro,Germany,13-inch,512GB,2GHz,Silver
MWP52D,Mac,Pro,Germany,13-inch,1TB,2GHz,Space Gray
MWP82D,Mac,Pro,Germany,13-inch,1TB,2GHz,Silver
MVVJ2D,Mac,Pro,Germany,16-inch,512GB,2.6GHz,Space Gray
MVVL2D,Mac,Pro,Germany,16-inch,512GB,2.6GHz,Silver
MVVK2D,Mac,Pro,Germany,16-inch,1TB,2.3GHz,Space Gray
MVVM2D,Mac,Pro,Germany,16-inch,1TB,2.3GHz,Silver
MYFW2FD,iPad,Air,Germany,10.9-inch,256GB,,Silver
MYFT2FD,iPad,Air,Germany,10.9-inch,256GB,,Space Gray
MYFX2FD,iPad,Air,Germany,10.9-inch,256GB,,Rose Gold
MYG02FD,iPad,Air,Germany,10.9-inch,256GB,,Green
MYFY2FD,iPad,Air,Germany,10.9-inch,256GB,,Sky Blue
MYFN2FD,iPad,Air,Germany,10.9-inch,64GB,,Silver
MYFM2FD,iPad,Air,Germany,10.9-inch,64GB,,Space Gray
MYFP2FD,iPad,Air,Germany,10.9-inch,64GB,,Rose Gold
MYFR2FD,iPad,Air,Germany,10.9-inch,64GB,,Green
MYFQ2FD,iPad,Air,Germany,10.9-inch,64GB,,Sky Blue
MYL92FD,iPad,iPad,Germany,10.2-inch,32GB,,Space Gray
MYLA2FD,iPad,iPad,Germany,10.2-inch,32GB,,Silver
MYLC2FD,iPad,iPad,Germany,10.2-inch,32GB,,Gold
MYLD2FD,iPad,iPad,Germany,10.2-inch,128GB,,Space Gray
MYLE2FD,iPad,iPad,Germany,10.2-inch,128GB,,Silver
MYLF2FD,iPad,iPad,Germany,10.2-inch,128GB,,Gold
MHQR3FD,iPad,Pro,Germany,11-inch,128GB,M1 Chip,Space Gray
MHQU3FD,iPad,Pro,Germany,11-inch,256GB,M1 Chip,Space Gray
MHQW3FD,iPad,Pro,Germany,11-inch,512GB,M1 Chip,Space Gray
MHQY3FD,iPad,Pro,Germany,11-inch,1TB,M1 Chip,Space Gray
MHR23FD,iPad,Pro,Germany,11-inch,2TB,M1 Chip,Space Gray
MHQT3FD,iPad,Pro,Germany,11-inch,128GB,M1 Chip,Silver
MHQV3FD,iPad,Pro,Germany,11-inch,256GB,M1 Chip,Silver
MHQX3FD,iPad,Pro,Germany,11-inch,512GB,M1 Chip,Silver
MHR03FD,iPad,Pro,Germany,11-inch,1TB,M1 Chip,Silver
MHR33FD,iPad,Pro,Germany,11-inch,2TB,M1 Chip,Silver
MHNF3FD,iPad,Pro,Germany,12.9-inch,128GB,M1 Chip,Space Gray
MHNH3FD,iPad,Pro,Germany,12.9-inch,256GB,M1 Chip,Space Gray
MHNK3FD,iPad,Pro,Germany,12.9-inch,512GB,M1 Chip,Space Gray
MHNM3FD,iPad,Pro,Germany,12.9-inch,1TB,M1 Chip,Space Gray
MHNP3FD,iPad,Pro,Germany,12.9-inch,2TB,M1 Chip,Space Gray
MHNG3FD,iPad,Pro,Germany,12.9-inch,128GB,M1 Chip,Silver
MHNJ3FD,iPad,Pro,Germany,12.9-inch,256GB,M1 Chip,Silver
MHNL3FD,iPad,Pro,Germany,12.9-inch,512GB,M1 Chip,Silver
MHNN3FD,iPad,Pro,Germany,12.9-inch,1TB,M1 Chip,Silver
MHNQ3FD,iPad,Pro,Germany,12.9-inch,2TB,M1 Chip,Silver
MUQW2FD,iPad,mini,Germany,7.9-inch,64GB,,Space Gray
MUQX2FD,iPad,mini,Germany,7.9-inch,64GB,,Silver
MUQY2FD,iPad,mini,Germany,7.9-inch,64GB,,Gold
MUU32FD,iPad,mini,Germany,7.9-inch,256GB,,Space Gray
MUU52FD,iPad,mini,Germany,7.9-inch,256GB,,Silver
MUU62FD,iPad,mini,Germany,7.9-inch,256GB,,Gold
MGJ53ZD,iPhone,iPhone 12,Germany,"6.1""",64GB,,Black
MGJA3ZD,iPhone,iPhone 12,Germany,"6.1""",128GB,,Black
MGJG3ZD,iPhone,iPhone 12,Germany,"6.1""",256GB,,Black
MGJ63ZD,iPhone,iPhone 12,Germany,"6.1""",64GB,,White
MGJC3ZD,iPhone,iPhone 12,Germany,"6.1""",128GB,,White
MGJH3ZD,iPhone,iPhone 12,Germany,"6.1""",256GB,,White
MGJ83ZD,iPhone,iPhone 12,Germany,"6.1""",64GB,,Blue
MGJE3ZD,iPhone,iPhone 12,Germany,"6.1""",128GB,,Blue
MGJK3ZD,iPhone,iPhone 12,Germany,"6.1""",256GB,,Blue
MGJ93ZD,iPhone,iPhone 12,Germany,"6.1""",64GB,,Green
MGJF3ZD,iPhone,iPhone 12,Germany,"6.1""",128GB,,Green
MGJL3ZD,iPhone,iPhone 12,Germany,"6.1""",256GB,,Green
MGJ73ZD,iPhone,iPhone 12,Germany,"6.1""",64GB,,Red
MGJD3ZD,iPhone,iPhone 12,Germany,"6.1""",128GB,,Red
MGJJ3ZD,iPhone,iPhone 12,Germany,"6.1""",256GB,,Red
MGDX3ZD,iPhone,iPhone 12 Mini,Germany,"5.4""",64GB,,Black
MGE33ZD,iPhone,iPhone 12 Mini,Germany,"5.4""",128GB,,Black
MGE93ZD,iPhone,iPhone 12 Mini,Germany,"5.4""",256GB,,Black
MGDY3ZD,iPhone,iPhone 12 Mini,Germany,"5.4""",64GB,,White
MGE43ZD,iPhone,iPhone 12 Mini,Germany,"5.4""",128GB,,White
MGEA3ZD,iPhone,iPhone 12 Mini,Germany,"5.4""",256GB,,White
MGE13ZD,iPhone,iPhone 12 Mini,Germany,"5.4""",64GB,,Blue
MGE63ZD,iPhone,iPhone 12 Mini,Germany,"5.4""",128GB,,Blue
MGED3ZD,iPhone,iPhone 12 Mini,Germany,"5.4""",256GB,,Blue
MGE23ZD,iPhone,iPhone 12 Mini,Germany,"5.4""",64GB,,Green
MGE73ZD,iPhone,iPhone 12 Mini,Germany,"5.4""",128GB,,Green
MGEE3ZD,iPhone,iPhone 12 Mini,Germany,"5.4""",256GB,,Green
MGE03ZD,iPhone,iPhone 12 Mini,Germany,"5.4""",64GB,,Red
MGE53ZD,iPhone,iPhone 12 Mini,Germany,"5.4""",128GB,,Red
MGEC3ZD,iPhone,iPhone 12 Mini,Germany,"5.4""",256GB,,Red
MGMK3ZD,iPhone,iPhone 12 Pro,Germany,"6.1""",128GB,,Graphite
MGMP3ZD,iPhone,iPhone 12 Pro,Germany,"6.1""",256GB,,Graphite
MGMU3ZD,iPhone,iPhone 12 Pro,Germany,"6.1""",512GB,,Graphite
MGML3ZD,iPhone,iPhone 12 Pro,Germany,"6.1""",128GB,,Silver
MGMQ3ZD,iPhone,iPhone 12 Pro,Germany,"6.1""",256GB,,Silver
MGMV3ZD,iPhone,iPhone 12 Pro,Germany,"6.1""",512GB,,Silver
MGMM3ZD,iPhone,iPhone 12 Pro,Germany,"6.1""",128GB,,Gold
MGMR3ZD,iPhone,iPhone 12 Pro,Germany,"6.1""",256GB,,Gold
MGMW3ZD,iPhone,iPhone 12 Pro,Germany,"6.1""",512GB,,Gold
MGMN3ZD,iPhone,iPhone 12 Pro,Germany,"6.1""",128GB,,Pacific Blue
MGMT3ZD,iPhone,iPhone 12 Pro,Germany,"6.1""",256GB,,Pacific Blue
MGMX3ZD,iPhone,iPhone 12 Pro,Germany,"6.1""",512GB,,Pacific Blue
MGD73ZD,iPhone,iPhone 12 Pro Max,Germany,"6.7""",128GB,,Graphite
MGDC3ZD,iPhone,iPhone 12 Pro Max,Germany,"6.7""",256GB,,Graphite
MGDG3ZD,iPhone,iPhone 12 Pro Max,Germany,"6.7""",512GB,,Graphite
MGD83ZD,iPhone,iPhone 12 Pro Max,Germany,"6.7""",128GB,,Silver
MGDD3ZD,iPhone,iPhone 12 Pro Max,Germany,"6.7""",256GB,,Silver
MGDH3ZD,iPhone,iPhone 12 Pro Max,Germany,"6.7""",512GB,,Silver
MGD93ZD,iPhone,iPhone 12 Pro Max,Germany,"6.7""",128GB,,Gold
MGDE3ZD,iPhone,iPhone 12 Pro Max,Germany,"6.7""",256GB,,Gold
MGDK3ZD,iPhone,iPhone 12 Pro Max,Germany,"6.7""",512GB,,Gold
MGDA3ZD,iPhone,iPhone 12 Pro Max,Germany,"6.7""",128GB,,Pacific Blue
MGDF3ZD,iPhone,iPhone 12 Pro Max,Germany,"6.7""",256GB,,Pacific Blue
MGDL3ZD,iPhone,iPhone 12 Pro Max,Germany,"6.7""",512GB,,Pacific Blue
MGN63D,Mac,Air,US,13-inch,256GB,M1 Chip with 8_Core CPU and 7_Core GPU,Space Gray
MGND3D,Mac,Air,US,13-inch,256GB,M1 Chip with 8_Core CPU and 7_Core GPU,Gold
MGN93D,Mac,Air,US,13-inch,256GB,M1 Chip with 8_Core CPU and 7_Core GPU,Silver
MGN73D,Mac,Air,US,13-inch,512GB,M1 Chip with 8-Core CPU and 8-Core GPU,Space Gray
MGNE3D,Mac,Air,US,13-inch,512GB,M1 Chip with 8-Core CPU and 8-Core GPU,Gold
MGNA3D,Mac,Air,US,13-inch,512GB,M1 Chip with 8-Core CPU and 8-Core GPU,Silver
MYD82D,Mac,Pro,US,13-inch,256GB,M1 Chip with 8-Core CPU and 8-Core GPU,Space Gray
MYDA2D,Mac,Pro,US,13-inch,256GB,M1 Chip with 8-Core CPU and 8-Core GPU,Silver
MYD92D,Mac,Pro,US,13-inch,512GB,M1 Chip with 8-Core CPU and 8-Core GPU,Space Gray
MYDC2D,Mac,Pro,US,13-inch,512GB,M1 Chip with 8-Core CPU and 8-Core GPU,Silver