Code,Product,Model,Country,Screen,Capacity,Processor,Color
MWP42HN,Mac,Pro,India,13-inch,512GB,2GHz,Space Gray
MWP72HN,Mac,Pro,India,13-inch,512GB,2GHz,Silver
MWP52HN,Mac,Pro,India,13-inch,1TB,2GHz,Space Gray
MWP82HN,Mac,Pro,India,13-inch,1TB,2GHz,Silver
MVVJ2HN,Mac,Pro,India,16-inch,512GB,2.6GHz,Space Gray
MVVL2HN,Mac,Pro,India,16-inch,512GB,2.6GHz,Silver
MVVK2HN,Mac,Pro,India,16-inch,1TB,2.3GHz,Space Gray
MVVM2HN,Mac,Pro,India,16-inch,1TB,2.3GHz,Silver
MYFW2HN,iPad,Air,India,10.9-inch,256GB,,Silver
MYFT2HN,iPad,Air,India,10.9-inch,256GB,,Space Gray
MYFX2HN,iPad,Air,India,10.9-inch,256GB,,Rose Gold
MYG02HN,iPad,Air,India,10.9-inch,256GB,,Green
MYFY2HN,iPad,Air,India,10.9-inch,256GB,,Sky Blue
MYFN2HN,iPad,Air,India,10.9-inch,64GB,,Silver
MYFM2HN,iPad,Air,India,10.9-inch,64GB,,Space Gray
MYFP2HN,iPad,Air,India,10.9-inch,64GB,,Rose Gold
MYFR2HN,iPad,Air,India,10.9-inch,64GB,,Green
MYFQ2HN,iPad,Air,India,10.9-inch,64GB,,Sky Blue
MYL92HN,iPad,iPad,India,10.2-inch,32GB,,Space Gray
MYLA2HN,iPad,iPad,India,10.2-inch,32GB,,Silver
MYLC2HN,iPad,iPad,India,10.2-inch,32GB,,Gold
MYLD2HN,iPad,iPad,India,10.2-inch,128GB,,Space Gray
MYLE2HN,iPad,iPad,India,10.2-inch,128GB,,Silver
MYLF2HN,iPad,iPad,India,10.2-inch,128GB,,Gold
MHQR3HN,iPad,Pro,India,11-inch,128GB,M1 Chip,Space Gray
MHQU3HN,iPad,Pro,India,11-inch,256GB,M1 Chip,Space Gray
MHQW3HN,iPad,Pro,India,11-inch,512GB,M1 Chip,Space Gray
MHQY3HN,iPad,Pro,India,11-inch,1TB,M1 Chip,Space Gray
MHR23HN,iPad,Pro,India,11-inch,2TB,M1 Chip,Space Gray
MHQT3HN,iPad,Pro,India,11-inch,128GB,M1 Chip,Silver
MHQV3HN,iPad,Pro,India,11-inch,256GB,M1 Chip,Silver
MHQX3HN,iPad,Pro,India,11-inch,512GB,M1 Chip,Silver
MHR03HN,iPad,Pro,India,11-inch,1TB,M1 Chip,Silver
MHR33HN,iPad,Pro,India,11-inch,2TB,M1 Chip,Silver
MHNF3HN,iPad,Pro,India,12.9-inch,128GB,M1 Chip,Space Gray
MHNH3HN,iPad,Pro,India,12.9-inch,256GB,M1 Chip,Space Gray
MHNK3HN,iPad,Pro,India,12.9-inch,512GB,M1 Chip,Space Gray
MHNM3HN,iPad,Pro,India,12.9-inch,1TB,M1 Chip,Space Gray
MHNP3HN,iPad,Pro,India,12.9-inch,2TB,M1 Chip,Space Gray
MHNG3HN,iPad,Pro,India,12.9-inch,128GB,M1 Chip,Silver
MHNJ3HN,iPad,Pro,India,12.9-inch,256GB,M1 Chip,Silver
MHNL3HN,iPad,Pro,India,12.9-inch,512GB,M1 Chip,Silver
MHNN3HN,iPad,Pro,India,12.9-inch,1TB,M1 Chip,Silver
MHNQ3HN,iPad,Pro,India,12.9-inch,2TB,M1 Chip,Silver
MUQW2HN,iPad,mini,India,7.9-inch,64GB,,Space Gray
MUQX2HN,iPad,mini,India,7.9-inch,64GB,,Silver
MUQY2HN,iPad,mini,India,7.9-inch,64GB,,Gold
MUU32HN,iPad,mini,India,7.9-inch,256GB,,Space Gray
MUU52HN,iPad,mini,India,7.9-inch,256GB,,Silver
MUU62HN,iPad,mini,India,7.9-inch,256GB,,Gold
MGJ53HN,iPhone,iPhone 12,India,"6.1""",64GB,,Black
MGJA3HN,iPhone,iPhone 12,India,"6.1""",128GB,,Black
MGJG3HN,iPhone,iPhone 12,India,"6.1""",256GB,,Black
MGJ63HN,iPhone,iPhone 12,India,"6.1""",64GB,,White
MGJC3HN,iPhone,iPhone 12,India,"6.1""",128GB,,White
MGJH3HN,iPhone,iPhone 12,India,"6.1""",256GB,,White
MGJ83HN,iPhone,iPhone 12,India,"6.1""",64GB,,Blue
MGJE3HN,iPhone,iPhone 12,India,"6.1""",128GB,,Blue
MGJK3HN,iPhone,iPhone 12,India,"6.1""",256GB,,Blue
MGJ93HN,iPhone,iPhone 12,India,"6.1""",64GB,,Green
MGJF3HN,iPhone,iPhone 12,India,"6.1""",128GB,,Green
MGJL3HN,iPhone,iPhone 12,India,"6.1""",256GB,,Green
MGJ73HN,iPhone,iPhone 12,India,"6.1""",64GB,,Red
MGJD3HN,iPhone,iPhone 12,India,"6.1""",128GB,,Red
MGJJ3HN,iPhone,iPhone 12,India,"6.1""",256GB,,Red
MGDX3HN,iPhone,iPhone 12 Mini,India,"5.4""",64GB,,Black
MGE33HN,iPhone,iPhone 12 Mini,India,"5.4""",128GB,,Black
MGE93HN,iPhone,iPhone 12 Mini,India,"5.4""",256GB,,Black
MGDY3HN,iPhone,iPhone 12 Mini,India,"5.4""",64GB,,White
MGE43HN,iPhone,iPhone 12 Mini,India,"5.4""",128GB,,White
MGEA3HN,iPhone,iPhone 12 Mini,India,"5.4""",256GB,,White
MGE13HN,iPhone,iPhone 12 Mini,India,"5.4""",64GB,,Blue
MGE63HN,iPhone,iPhone 12 Mini,India,"5.4""",128GB,,Blue
MGED3HN,iPhone,iPhone 12 Mini,India,"5.4""",256GB,,Blue
MGE23HN,iPhone,iPhone 12 Mini,India,"5.4""",64GB,,Green
MGE73HN,iPhone,iPhone 12 Mini,India,"5.4""",128GB,,Green
MGEE3HN,iPhone,iPhone 12 Mini,India,"5.4""",256GB,,Green
MGE03HN,iPhone,iPhone 12 Mini,India,"5.4""",64GB,,Red
MGE53HN,iPhone,iPhone 12 Mini,India,"5.4""",128GB,,Red
MGEC3HN,iPhone,iPhone 12 Mini,India,"5.4""",256GB,,Red
MGMK3HN,iPhone,iPhone 12 Pro,India,"6.1""",128GB,,Graphite
MGMP3HN,iPhone,iPhone 12 Pro,India,"6.1""",256GB,,Graphite
MGMU3HN,iPhone,iPhone 12 Pro,India,"6.1""",512GB,,Graphite
MGML3HN,iPhone,iPhone 12 Pro,India,"6.1""",128GB,,Silver
MGMQ3HN,iPhone,iPhone 12 Pro,India,"6.1""",256GB,,Silver
MGMV3HN,iPhone,iPhone 12 Pro,India,"6.1""",512GB,,Silver
MGMM3HN,iPhone,iPhone 12 Pro,India,"6.1""",128GB,,Gold
MGMR3HN,iPhone,iPhone 12 Pro,India,"6.1""",256GB,,Gold
MGMW3HN,iPhone,iPhone 12 Pro,India,"6.1""",512GB,,Gold
MGMN3HN,iPhone,iPhone 12 Pro,India,"6.1""",128GB,,Pacific Blue
MGMT3HN,iPhone,iPhone 12 Pro,India,"6.1""",256GB,,Pacific Blue
MGMX3HN,iPhone,iPhone 12 Pro,India,"6.1""",512GB,,Pacific Blue
MGD73HN,iPhone,iPhone 12 Pro Max,India,"6.7""",128GB,,Graphite
MGDC3HN,iPhone,iPhone 12 Pro Max,India,"6.7""",256GB,,Graphite
MGDG3HN,iPhone,iPhone 12 Pro Max,India,"6.7""",512GB,,Graphite
MGD83HN,iPhone,iPhone 12 Pro Max,India,"6.7""",128GB,,Silver
MGDD3HN,iPhone,iPhone 12 Pro Max,India,"6.7""",256GB,,Silver
MGDH3HN,iPhone,iPhone 12 Pro Max,India,"6.7""",512GB,,Silver
MGD93HN,iPhone,iPhone 12 Pro Max,India,"6.7""",128GB,,Gold
MGDE3HN,iPhone,iPhone 12 Pro Max,India,"6.7""",256GB,,Gold
MGDK3HN,iPhone,iPhone 12 Pro Max,India,"6.7""",512GB,,Gold
MGDA3HN,iPhone,iPhone 12 Pro Max,India,"6.7""",128GB,,Pacific Blue
MGDF3HN,iPhone,iPhone 12 Pro Max,India,"6.7""",256GB,,Pacific Blue
MGDL3HN,iPhone,iPhone 12 Pro Max,India,"6.7""",512GB,,Pacific Blue
MGN63HN,Mac,Air,US,13-inch,256GB,M1 Chip with 8_Core CPU and 7_Core GPU,Space Gray
MGND3HN,Mac,Air,US,13-inch,256GB,M1 Chip with 8_Core CPU and 7_Core GPU,Gold
MGN93HN,Mac,Air,US,13-inch,256GB,M1 Chip with 8_Core CPU and 7_Core GPU,Silver
MGN73HN,Mac,Air,US,13-inch,512GB,M1 Chip with 8-Core CPU and 8-Core GPU,Space Gray
MGNE3HN,Mac,Air,US,13-inch,512GB,M1 Chip with 8-Core CPU and 8-Core GPU,Gold
MGNA3HN,Mac,Air,US,13-inch,512GB,M1 Chip with 8-Core CPU and 8-Core GPU,Silver
MYD82HN,Mac,Pro,US,13-inch,256GB,M1 Chip with 8-Core CPU and 8-Core GPU,Space Gray
MYDA2HN,Mac,Pro,US,13-inch,256GB,M1 Chip with 8-Core CPU and 8-Core GPU,Silver
MYD92HN,Mac,Pro,US,13-inch,512GB,M1 Chip with 8-Core CPU and 8-Core GPU,Space Gray
MYDC2HN,Mac,Pro,US,13-inch,512GB,M1 Chip with 8-Core CPU and 8-Core GPU,Silver