Code,Product,Model,Country,Screen,Capacity,Processor,Color
MWP42LL,Mac,Pro,US,13-inch,512GB,2GHz,Space Gray
MWP72LL,Mac,Pro,US,13-inch,512GB,2GHz,Silver
MWP52LL,Mac,Pro,US,13-inch,1TB,2GHz,Space Gray
MWP82LL,Mac,Pro,US,13-inch,1TB,2GHz,Silver
MVVJ2LL,Mac,Pro,US,16-inch,512GB,2.6GHz,Space Gray
MVVL2LL,Mac,Pro,US,16-inch,512GB,2.6GHz,Silver
MVVK2LL,Mac,Pro,US,16-inch,1TB,2.3GHz,Space Gray
MVVM2LL,Mac,Pro,US,16-inch,1TB,2.3GHz,Silver
MYFW2LL,iPad,Air,US,10.9-inch,256GB,,Silver
MYFT2LL,iPad,Air,US,10.9-inch,256GB,,Space Gray
MYFX2LL,iPad,Air,US,10.9-inch,256GB,,Rose Gold
MYG02LL,iPad,Air,US,10.9-inch,256GB,,Green
MYFY2LL,iPad,Air,US,10.9-inch,256GB,,Sky Blue
MYFN2LL,iPad,Air,US,10.9-inch,64GB,,Silver
MYFM2LL,iPad,Air,US,10.9-inch,64GB,,Space Gray
MYFP2LL,iPad,Air,US,10.9-inch,64GB,,Rose Gold
MYFR2LL,iPad,Air,US,10.9-inch,64GB,,Green
MYFQ2LL,iPad,Air,US,10.9-inch,64GB,,Sky Blue
MYL92LL,iPad,iPad,US,10.2-inch,32GB,,Space Gray
MYLA2LL,iPad,iPad,US,10.2-inch,32GB,,Silver
MYLC2LL,iPad,iPad,US,10.2-inch,32GB,,Gold
MYLD2LL,iPad,iPad,US,10.2-inch,128GB,,Space Gray
MYLE2LL,iPad,iPad,US,10.2-inch,128GB,,Silver
MYLF2LL,iPad,iPad,US,10.2-inch,128GB,,Gold
MHQR3LL,iPad,Pro,US,11-inch,128GB,M1 Chip,Space Gray
MHQU3LL,iPad,Pro,US,11-inch,256GB,M1 Chip,Space Gray
MHQW3LL,iPad,Pro,US,11-inch,512GB,M1 Chip,Space Gray
MHQY3LL,iPad,Pro,US,11-inch,1TB,M1 Chip,Space Gray
MHR23LL,iPad,Pro,US,11-inch,2TB,M1 Chip,Space Gray
MHQT3LL,iPad,Pro,US,11-inch,128GB,M1 Chip,Silver
MHQV3LL,iPad,Pro,US,11-inch,256GB,M1 Chip,Silver
MHQX3LL,iPad,Pro,US,11-inch,512GB,M1 Chip,Silver
MHR03LL,iPad,Pro,US,11-inch,1TB,M1 Chip,Silver
MHR33LL,iPad,Pro,US,11-inch,2TB,M1 Chip,Silver
MHNF3LL,iPad,Pro,US,12.9-inch,128GB,M1 Chip,Space Gray
MHNH3LL,iPad,Pro,US,12.9-inch,256GB,M1 Chip,Space Gray
MHNK3LL,iPad,Pro,US,12.9-inch,512GB,M1 Chip,Space Gray
MHNM3LL,iPad,Pro,US,12.9-inch,1TB,M1 Chip,Space Gray
MHNP3LL,iPad,Pro,US,12.9-inch,2TB,M1 Chip,Space Gray
MHNG3LL,iPad,Pro,US,12.9-inch,128GB,M1 Chip,Silver
MHNJ3LL,iPad,Pro,US,12.9-inch,256GB,M1 Chip,Silver
MHNL3LL,iPad,Pro,US,12.9-inch,512GB,M1 Chip,Silver
MHNN3LL,iPad,Pro,US,12.9-inch,1TB,M1 Chip,Silver
MHNQ3LL,iPad,Pro,US,12.9-inch,2TB,M1 Chip,Silver
MUQW2LL,iPad,mini,US,7.9-inch,64GB,,Space Gray
MUQX2LL,iPad,mini,US,7.9-inch,64GB,,Silver
MUQY2LL,iPad,mini,US,7.9-inch,64GB,,Gold
MUU32LL,iPad,mini,US,7.9-inch,256GB,,Space Gray
MUU52LL,iPad,mini,US,7.9-inch,256GB,,Silver
MUU62LL,iPad,mini,US,7.9-inch,256GB,,Gold
MGF43LL,iPhone,iPhone 12,US,"6.1""",64GB,,Black
MGF93LL,iPhone,iPhone 12,US,"6.1""",128GB,,Black
MGFF3LL,iPhone,iPhone 12,US,"6.1""",256GB,,Black
MGF53LL,iPhone,iPhone 12,US,"6.1""",64GB,,White
MGFA3LL,iPhone,iPhone 12,US,"6.1""",128GB,,White
MGFG3LL,iPhone,iPhone 12,US,"6.1""",256GB,,White
MGF73LL,iPhone,iPhone 12,US,"6.1""",64GB,,Blue
MGFD3LL,iPhone,iPhone 12,US,"6.1""",128GB,,Blue
MGFJ3LL,iPhone,iPhone 12,US,"6.1""",256GB,,Blue
MGF83LL,iPhone,iPhone 12,US,"6.1""",64GB,,Green
MGFE3LL,iPhone,iPhone 12,US,"6.1""",128GB,,Green
MGFK3LL,iPhone,iPhone 12,US,"6.1""",256GB,,Green
MGF63LL,iPhone,iPhone 12,US,"6.1""",64GB,,Red
MGFC3LL,iPhone,iPhone 12,US,"6.1""",128GB,,Red
MGFH3LL,iPhone,iPhone 12,US,"6.1""",256GB,,Red
MG6G3LL,iPhone,iPhone 12 Mini,US,"5.4""",64GB,,Black
MG6M3LL,iPhone,iPhone 12 Mini,US,"5.4""",128GB,,Black
MG6U3LL,iPhone,iPhone 12 Mini,US,"5.4""",256GB,,Black
MG6H3LL,iPhone,iPhone 12 Mini,US,"5.4""",64GB,,White
MG6N3LL,iPhone,iPhone 12 Mini,US,"5.4""",128GB,,White
MG6V3LL,iPhone,iPhone 12 Mini,US,"5.4""",256GB,,White
MG6K3LL,iPhone,iPhone 12 Mini,US,"5.4""",64GB,,Blue
MG6Q3LL,iPhone,iPhone 12 Mini,US,"5.4""",128GB,,Blue
MG6X3LL,iPhone,iPhone 12 Mini,US,"5.4""",256GB,,Blue
MG6L3LL,iPhone,iPhone 12 Mini,US,"5.4""",64GB,,Green
MG6T3LL,iPhone,iPhone 12 Mini,US,"5.4""",128GB,,Green
MG6Y3LL,iPhone,iPhone 12 Mini,US,"5.4""",256GB,,Green
MG6J3LL,iPhone,iPhone 12 Mini,US,"5.4""",64GB,,Red
MG6P3LL,iPhone,iPhone 12 Mini,US,"5.4""",128GB,,Red
MG6W3LL,iPhone,iPhone 12 Mini,US,"5.4""",256GB,,Red
MGK13LL,iPhone,iPhone 12 Pro,US,"6.1""",128GB,,Graphite
MGK53LL,iPhone,iPhone 12 Pro,US,"6.1""",256GB,,Graphite
MGKA3LL,iPhone,iPhone 12 Pro,US,"6.1""",512GB,,Graphite
MGK23LL,iPhone,iPhone 12 Pro,US,"6.1""",128GB,,Silver
MGK63LL,iPhone,iPhone 12 Pro,US,"6.1""",256GB,,Silver
MGKC3LL,iPhone,iPhone 12 Pro,US,"6.1""",512GB,,Silver
MGK33LL,iPhone,iPhone 12 Pro,US,"6.1""",128GB,,Gold
MGK73LL,iPhone,iPhone 12 Pro,US,"6.1""",256GB,,Gold
MGKE3LL,iPhone,iPhone 12 Pro,US,"6.1""",512GB,,Gold
MGK43LL,iPhone,iPhone 12 Pro,US,"6.1""",128GB,,Pacific Blue
MGK93LL,iPhone,iPhone 12 Pro,US,"6.1""",256GB,,Pacific Blue
MGKF3LL,iPhone,iPhone 12 Pro,US,"6.1""",512GB,,Pacific Blue
MG9A3LL,iPhone,iPhone 12 Pro Max,US,"6.7""",128GB,,Graphite
MG9F3LL,iPhone,iPhone 12 Pro Max,US,"6.7""",256GB,,Graphite
MG9K3LL,iPhone,iPhone 12 Pro Max,US,"6.7""",512GB,,Graphite
MG9C3LL,iPhone,iPhone 12 Pro Max,US,"6.7""",128GB,,Silver
MG9G3LL,iPhone,iPhone 12 Pro Max,US,"6.7""",256GB,,Silver
MG9L3LL,iPhone,iPhone 12 Pro Max,US,"6.7""",512GB,,Silver
MG9D3LL,iPhone,iPhone 12 Pro Max,US,"6.7""",128GB,,Gold
MG9H3LL,iPhone,iPhone 12 Pro Max,US,"6.7""",256GB,,Gold
MG9M3LL,iPhone,iPhone 12 Pro Max,US,"6.7""",512GB,,Gold
MG9E3LL,iPhone,iPhone 12 Pro Max,US,"6.7""",128GB,,Pacific Blue
MG9J3LL,iPhone,iPhone 12 Pro Max,US,"6.7""",256GB,,Pacific Blue
MG9N3LL,iPhone,iPhone 12 Pro Max,US,"6.7""",512GB,,Pacific Blue
MGN63LL,Mac,Air,US,13-inch,256GB,M1 Chip with 8_Core CPU and 7_Core GPU,Space Gray
MGND3LL,Mac,Air,US,13-inch,256GB,M1 Chip with 8_Core CPU and 7_Core GPU,Gold
MGN93LL,Mac,Air,US,13-inch,256GB,M1 Chip with 8_Core CPU and 7_Core GPU,Silver
MGN73LL,Mac,Air,US,13-inch,512GB,M1 Chip with 8-Core CPU and 8-Core GPU,Space Gray
MGNE3LL,Mac,Air,US,13-inch,512GB,M1 Chip with 8-Core CPU and 8-Core GPU,Gold
MGNA3LL,Mac,Air,US,13-inch,512GB,M1 Chip with 8-Core CPU and 8-Core GPU,Silver
MYD82LL,Mac,Pro,US,13-inch,256GB,M1 Chip with 8-Core CPU and 8-Core GPU,Space Gray
MYDA2LL,Mac,Pro,US,13-inch,256GB,M1 Chip with 8-Core CPU and 8-Core GPU,Silver
MYD92LL,Mac,Pro,US,13-inch,512GB,M1 Chip with 8-Core CPU and 8-Core GPU,Space Gray
MYDC2LL,Mac,Pro,US,13-inch,512GB,M1 Chip with 8-Core CPU and 8-Core GPU,Silver
MHCA3LL,iPhone,iPhone 11,US,"6.1""",128GB,,Black