Code,Product,Model,Country,Screen,Capacity,Processor,Color
MWP42FN,Mac,Pro,France,13-inch,512GB,2GHz,Space Gray
MWP72FN,Mac,Pro,France,13-inch,512GB,2GHz,Silver
MWP52FN,Mac,Pro,France,13-inch,1TB,2GHz,Space Gray
MWP82FN,Mac,Pro,France,13-inch,1TB,2GHz,Silver
MVVJ2FN,Mac,Pro,France,16-inch,512GB,2.6GHz,Space Gray
MVVL2FN,Mac,Pro,France,16-inch,512GB,2.6GHz,Silver
MVVK2FN,Mac,Pro,France,16-inch,1TB,2.3GHz,Space Gray
MVVM2FN,Mac,Pro,France,16-inch,1TB,2.3GHz,Silver
MYFW2NF,iPad,Air,France,10.9-inch,256GB,,Silver
MYFT2NF,iPad,Air,France,10.9-inch,256GB,,Space Gray
MYFX2NF,iPad,Air,France,10.9-inch,256GB,,Rose Gold
MYG02NF,iPad,Air,France,10.9-inch,256GB,,Green
MYFY2NF,iPad,Air,France,10.9-inch,256GB,,Sky Blue
MYFN2NF,iPad,Air,France,10.9-inch,64GB,,Silver
MYFM2NF,iPad,Air,France,10.9-inch,64GB,,Space Gray
MYFP2NF,iPad,Air,France,10.9-inch,64GB,,Rose Gold
MYFR2NF,iPad,Air,France,10.9-inch,64GB,,Green
MYFQ2NF,iPad,Air,France,10.9-inch,64GB,,Sky Blue
MYL92NF,iPad,iPad,France,10.2-inch,32GB,,Space Gray
MYLA2NF,iPad,iPad,France,10.2-inch,32GB,,Silver
MYLC2NF,iPad,iPad,France,10.2-inch,32GB,,Gold
MYLD2NF,iPad,iPad,France,10.2-inch,128GB,,Space Gray
MYLE2NF,iPad,iPad,France,10.2-inch,128GB,,Silver
MYLF2NF,iPad,iPad,France,10.2-inch,128GB,,Gold
MHQR3NF,iPad,Pro,France,11-inch,128GB,M1 Chip,Space Gray
MHQU3NF,iPad,Pro,France,11-inch,256GB,M1 Chip,Space Gray
MHQW3NF,iPad,Pro,France,11-inch,512GB,M1 Chip,Space Gray
MHQY3NF,iPad,Pro,France,11-inch,1TB,M1 Chip,Space Gray
MHR23NF,iPad,Pro,France,11-inch,2TB,M1 Chip,Space Gray
MHQT3NF,iPad,Pro,France,11-inch,128GB,M1 Chip,Silver
MHQV3NF,iPad,Pro,France,11-inch,256GB,M1 Chip,Silver
MHQX3NF,iPad,Pro,France,11-inch,512GB,M1 Chip,Silver
MHR03NF,iPad,Pro,France,11-inch,1TB,M1 Chip,Silver
MHR33NF,iPad,Pro,France,11-inch,2TB,M1 Chip,Silver
MHNF3NF,iPad,Pro,France,12.9-inch,128GB,M1 Chip,Space Gray
MHNH3NF,iPad,Pro,France,12.9-inch,256GB,M1 Chip,Space Gray
MHNK3NF,iPad,Pro,France,12.9-inch,512GB,M1 Chip,Space Gray
MHNM3NF,iPad,Pro,France,12.9-inch,1TB,M1 Chip,Space Gray
MHNP3NF,iPad,Pro,France,12.9-inch,2TB,M1 Chip,Space Gray
MHNG3NF,iPad,Pro,France,12.9-inch,128GB,M1 Chip,Silver
MHNJ3NF,iPad,Pro,France,12.9-inch,256GB,M1 Chip,Silver
MHNL3NF,iPad,Pro,France,12.9-inch,512GB,M1 Chip,Silver
MHNN3NF,iPad,Pro,France,12.9-inch,1TB,M1 Chip,Silver
MHNQ3NF,iPad,Pro,France,12.9-inch,2TB,M1 Chip,Silver
MUQW2NF,iPad,mini,France,7.9-inch,64GB,,Space Gray
MUQX2NF,iPad,mini,France,7.9-inch,64GB,,Silver
MUQY2NF,iPad,mini,France,7.9-inch,64GB,,Gold
MUU32NF,iPad,mini,France,7.9-inch,256GB,,Space Gray
MUU52NF,iPad,mini,France,7.9-inch,256GB,,Silver
MUU62NF,iPad,mini,France,7.9-inch,256GB,,Gold
MGJ53F,iPhone,iPhone 12,France,"6.1""",64GB,,Black
MGJA3F,iPhone,iPhone 12,France,"6.1""",128GB,,Black
MGJG3F,iPhone,iPhone 12,France,"6.1""",256GB,,Black
MGJ63F,iPhone,iPhone 12,France,"6.1""",64GB,,White
MGJC3F,iPhone,iPhone 12,France,"6.1""",128GB,,White
MGJH3F,iPhone,iPhone 12,France,"6.1""",256GB,,White
MGJ83F,iPhone,iPhone 12,France,"6.1""",64GB,,Blue
MGJE3F,iPhone,iPhone 12,France,"6.1""",128GB,,Blue
MGJK3F,iPhone,iPhone 12,France,"6.1""",256GB,,Blue
MGJ93F,iPhone,iPhone 12,France,"6.1""",64GB,,Green
MGJF3F,iPhone,iPhone 12,France,"6.1""",128GB,,Green
MGJL3F,iPhone,iPhone 12,France,"6.1""",256GB,,Green
MGJ73F,iPhone,iPhone 12,France,"6.1""",64GB,,Red
MGJD3F,iPhone,iPhone 12,France,"6.1""",128GB,,Red
MGJJ3F,iPhone,iPhone 12,France,"6.1""",256GB,,Red
MGDX3F,iPhone,iPhone 12 Mini,France,"5.4""",64GB,,Black
MGE33F,iPhone,iPhone 12 Mini,France,"5.4""",128GB,,Black
MGE93F,iPhone,iPhone 12 Mini,France,"5.4""",256GB,,Black
MGDY3F,iPhone,iPhone 12 Mini,France,"5.4""",64GB,,White
MGE43F,iPhone,iPhone 12 Mini,France,"5.4""",128GB,,White
MGEA3F,iPhone,iPhone 12 Mini,France,"5.4""",256GB,,White
MGE13F,iPhone,iPhone 12 Mini,France,"5.4""",64GB,,Blue
MGE63F,iPhone,iPhone 12 Mini,France,"5.4""",128GB,,Blue
MGED3F,iPhone,iPhone 12 Mini,France,"5.4""",256GB,,Blue
MGE23F,iPhone,iPhone 12 Mini,France,"5.4""",64GB,,Green
MGE73F,iPhone,iPhone 12 Mini,France,"5.4""",128GB,,Green
MGEE3F,iPhone,iPhone 12 Mini,France,"5.4""",256GB,,Green
MGE03F,iPhone,iPhone 12 Mini,France,"5.4""",64GB,,Red
MGE53F,iPhone,iPhone 12 Mini,France,"5.4""",128GB,,Red
MGEC3F,iPhone,iPhone 12 Mini,France,"5.4""",256GB,,Red
MGMK3F,iPhone,iPhone 12 Pro,France,"6.1""",128GB,,Graphite
MGMP3F,iPhone,iPhone 12 Pro,France,"6.1""",256GB,,Graphite
MGMU3F,iPhone,iPhone 12 Pro,France,"6.1""",512GB,,Graphite
MGML3F,iPhone,iPhone 12 Pro,France,"6.1""",128GB,,Silver
MGMQ3F,iPhone,iPhone 12 Pro,France,"6.1""",256GB,,Silver
MGMV3F,iPhone,iPhone 12 Pro,France,"6.1""",512GB,,Silver
MGMM3F,iPhone,iPhone 12 Pro,France,"6.1""",128GB,,Gold
MGMR3F,iPhone,iPhone 12 Pro,France,"6.1""",256GB,,Gold
MGMW3F,iPhone,iPhone 12 Pro,France,"6.1""",512GB,,Gold
MGMN3F,iPhone,iPhone 12 Pro,France,"6.1""",128GB,,Pacific Blue
MGMT3F,iPhone,iPhone 12 Pro,France,"6.1""",256GB,,Pacific Blue
MGMX3F,iPhone,iPhone 12 Pro,France,"6.1""",512GB,,Pacific Blue
MGD73F,iPhone,iPhone 12 Pro Max,France,"6.7""",128GB,,Graphite
MGDC3F,iPhone,iPhone 12 Pro Max,France,"6.7""",256GB,,Graphite
MGDG3F,iPhone,iPhone 12 Pro Max,France,"6.7""",512GB,,Graphite
MGD83F,iPhone,iPhone 12 Pro Max,France,"6.7""",128GB,,Silver
MGDD3F,iPhone,iPhone 12 Pro Max,France,"6.7""",256GB,,Silver
MGDH3F,iPhone,iPhone 12 Pro Max,France,"6.7""",512GB,,Silver
MGD93F,iPhone,iPhone 12 Pro Max,France,"6.7""",128GB,,Gold
MGDE3F,iPhone,iPhone 12 Pro Max,France,"6.7""",256GB,,Gold
MGDK3F,iPhone,iPhone 12 Pro Max,France,"6.7""",512GB,,Gold
MGDA3F,iPhone,iPhone 12 Pro Max,France,"6.7""",128GB,,Pacific Blue
MGDF3F,iPhone,iPhone 12 Pro Max,France,"6.7""",256GB,,Pacific Blue
MGDL3F,iPhone,iPhone 12 Pro Max,France,"6.7""",512GB,,Pacific Blue
MGN63FN,Mac,Air,US,13-inch,256GB,M1 Chip with 8_Core CPU and 7_Core GPU,Space Gray
MGND3FN,Mac,Air,US,13-inch,256GB,M1 Chip with 8_Core CPU and 7_Core GPU,Gold
MGN93FN,Mac,Air,US,13-inch,256GB,M1 Chip with 8_Core CPU and 7_Core GPU,Silver
MGN73FN,Mac,Air,US,13-inch,512GB,M1 Chip with 8-Core CPU and 8-Core GPU,Space Gray
MGNE3FN,Mac,Air,US,13-inch,512GB,M1 Chip with 8-Core CPU and 8-Core GPU,Gold
MGNA3FN,Mac,Air,US,13-inch,512GB,M1 Chip with 8-Core CPU and 8-Core GPU,Silver
MYD82FN,Mac,Pro,US,13-inch,256GB,M1 Chip with 8-Core CPU and 8-Core GPU,Space Gray
MYDA2FN,Mac,Pro,US,13-inch,256GB,M1 Chip with 8-Core CPU and 8-Core GPU,Silver
MYD92FN,Mac,Pro,US,13-inch,512GB,M1 Chip with 8-Core CPU and 8-Core GPU,Space Gray
MYDC2FN,Mac,Pro,US,13-inch,512GB,M1 Chip with 8-Core CPU and 8-Core GPU,Silver