Code,Product,Model,Country,Screen,Capacity,Processor,Color
MWP42T,Mac,Pro,Italy,13-inch,512GB,2GHz,Space Gray
MWP72T,Mac,Pro,Italy,13-inch,512GB,2GHz,Silver
MWP52T,Mac,Pro,Italy,13-inch,1TB,2GHz,Space Gray
MWP82T,Mac,Pro,Italy,13-inch,1TB,2GHz,Silver
MVVJ2T,Mac,Pro,Italy,16-inch,512GB,2.6GHz,Space Gray
MVVL2T,Mac,Pro,Italy,16-inch,512GB,2.6GHz,Silver
MVVK2T,Mac,Pro,Italy,16-inch,1TB,2.3GHz,Space Gray
MVVM2T,Mac,Pro,Italy,16-inch,1TB,2.3GHz,Silver
MYFW2TY,iPad,Air,Italy,10.9-inch,256GB,,Silver
MYFT2TY,iPad,Air,Italy,10.9-inch,256GB,,Space Gray
MYFX2TY,iPad,Air,Italy,10.9-inch,256GB,,Rose Gold
MYG02TY,iPad,Air,Italy,10.9-inch,256GB,,Green
MYFY2TY,iPad,Air,Italy,10.9-inch,256GB,,Sky Blue
MYFN2TY,iPad,Air,Italy,10.9-inch,64GB,,Silver
MYFM2TY,iPad,Air,Italy,10.9-inch,64GB,,Space Gray
MYFP2TY,iPad,Air,Italy,10.9-inch,64GB,,Rose Gold
MYFR2TY,iPad,Air,Italy,10.9-inch,64GB,,Green
MYFQ2TY,iPad,Air,Italy,10.9-inch,64GB,,Sky Blue
MYL92TY,iPad,iPad,Italy,10.2-inch,32GB,,Space Gray
MYLA2TY,iPad,iPad,Italy,10.2-inch,32GB,,Silver
MYLC2TY,iPad,iPad,Italy,10.2-inch,32GB,,Gold
MYLD2TY,iPad,iPad,Italy,10.2-inch,128GB,,Space Gray
MYLE2TY,iPad,iPad,Italy,10.2-inch,128GB,,Silver
MYLF2TY,iPad,iPad,Italy,10.2-inch,128GB,,Gold
MHQR3TY,iPad,Pro,Italy,11-inch,128GB,M1 Chip,Space Gray
MHQU3TY,iPad,Pro,Italy,11-inch,256GB,M1 Chip,Space Gray
MHQW3TY,iPad,Pro,Italy,11-inch,512GB,M1 Chip,Space Gray
MHQY3TY,iPad,Pro,Italy,11-inch,1TB,M1 Chip,Space Gray
MHR23TY,iPad,Pro,Italy,11-inch,2TB,M1 Chip,Space Gray
MHQT3TY,iPad,Pro,Italy,11-inch,128GB,M1 Chip,Silver
MHQV3TY,iPad,Pro,Italy,11-inch,256GB,M1 Chip,Silver
MHQX3TY,iPad,Pro,Italy,11-inch,512GB,M1 Chip,Silver
MHR03TY,iPad,Pro,Italy,11-inch,1TB,M1 Chip,Silver
MHR33TY,iPad,Pro,Italy,11-inch,2TB,M1 Chip,Silver
MHNF3TY,iPad,Pro,Italy,12.9-inch,128GB,M1 Chip,Space Gray
MHNH3TY,iPad,Pro,Italy,12.9-inch,256GB,M1 Chip,Space Gray
MHNK3TY,iPad,Pro,Italy,12.9-inch,512GB,M1 Chip,Space Gray
MHNM3TY,iPad,Pro,Italy,12.9-inch,1TB,M1 Chip,Space Gray
MHNP3TY,iPad,Pro,Italy,12.9-inch,2TB,M1 Chip,Space Gray
MHNG3TY,iPad,Pro,Italy,12.9-inch,128GB,M1 Chip,Silver
MHNJ3TY,iPad,Pro,Italy,12.9-inch,256GB,M1 Chip,Silver
MHNL3TY,iPad,Pro,Italy,12.9-inch,512GB,M1 Chip,Silver
MHNN3TY,iPad,Pro,Italy,12.9-inch,1TB,M1 Chip,Silver
MHNQ3TY,iPad,Pro,Italy,12.9-inch,2TB,M1 Chip,Silver
MUQW2TY,iPad,mini,Italy,7.9-inch,64GB,,Space Gray
MUQX2TY,iPad,mini,Italy,7.9-inch,64GB,,Silver
MUQY2TY,iPad,mini,Italy,7.9-inch,64GB,,Gold
MUU32TY,iPad,mini,Italy,7.9-inch,256GB,,Space Gray
MUU52TY,iPad,mini,Italy,7.9-inch,256GB,,Silver
MUU62TY,iPad,mini,Italy,7.9-inch,256GB,,Gold
MGJ53QL,iPhone,iPhone 12,Italy,"6.1""",64GB,,Black
MGJA3QL,iPhone,iPhone 12,Italy,"6.1""",128GB,,Black
MGJG3QL,iPhone,iPhone 12,Italy,"6.1""",256GB,,Black
MGJ63QL,iPhone,iPhone 12,Italy,"6.1""",64GB,,White
MGJC3QL,iPhone,iPhone 12,Italy,"6.1""",128GB,,White
MGJH3QL,iPhone,iPhone 12,Italy,"6.1""",256GB,,White
MGJ83QL,iPhone,iPhone 12,Italy,"6.1""",64GB,,Blue
MGJE3QL,iPhone,iPhone 12,Italy,"6.1""",128GB,,Blue
MGJK3QL,iPhone,iPhone 12,Italy,"6.1""",256GB,,Blue
MGJ93QL,iPhone,iPhone 12,Italy,"6.1""",64GB,,Green
MGJF3QL,iPhone,iPhone 12,Italy,"6.1""",128GB,,Green
MGJL3QL,iPhone,iPhone 12,Italy,"6.1""",256GB,,Green
MGJ73QL,iPhone,iPhone 12,Italy,"6.1""",64GB,,Red
MGJD3QL,iPhone,iPhone 12,Italy,"6.1""",128GB,,Red
MGJJ3QL,iPhone,iPhone 12,Italy,"6.1""",256GB,,Red
MGDX3QL,iPhone,iPhone 12 Mini,Italy,"5.4""",64GB,,Black
MGE33QL,iPhone,iPhone 12 Mini,Italy,"5.4""",128GB,,Black
MGE93QL,iPhone,iPhone 12 Mini,Italy,"5.4""",256GB,,Black
MGDY3QL,iPhone,iPhone 12 Mini,Italy,"5.4""",64GB,,White
MGE43QL,iPhone,iPhone 12 Mini,Italy,"5.4""",128GB,,White
MGEA3QL,iPhone,iPhone 12 Mini,Italy,"5.4""",256GB,,White
MGE13QL,iPhone,iPhone 12 Mini,Italy,"5.4""",64GB,,Blue
MGE63QL,iPhone,iPhone 12 Mini,Italy,"5.4""",128GB,,Blue
MGED3QL,iPhone,iPhone 12 Mini,Italy,"5.4""",256GB,,Blue
MGE23QL,iPhone,iPhone 12 Mini,Italy,"5.4""",64GB,,Green
MGE73QL,iPhone,iPhone 12 Mini,Italy,"5.4""",128GB,,Green
MGEE3QL,iPhone,iPhone 12 Mini,Italy,"5.4""",256GB,,Green
MGE03QL,iPhone,iPhone 12 Mini,Italy,"5.4""",64GB,,Red
MGE53QL,iPhone,iPhone 12 Mini,Italy,"5.4""",128GB,,Red
MGEC3QL,iPhone,iPhone 12 Mini,Italy,"5.4""",256GB,,Red
MGMK3QL,iPhone,iPhone 12 Pro,Italy,"6.1""",128GB,,Graphite
MGMP3QL,iPhone,iPhone 12 Pro,Italy,"6.1""",256GB,,Graphite
MGMU3QL,iPhone,iPhone 12 Pro,Italy,"6.1""",512GB,,Graphite
MGML3QL,iPhone,iPhone 12 Pro,Italy,"6.1""",128GB,,Silver
MGMQ3QL,iPhone,iPhone 12 Pro,Italy,"6.1""",256GB,,Silver
MGMV3QL,iPhone,iPhone 12 Pro,Italy,"6.1""",512GB,,Silver
MGMM3QL,iPhone,iPhone 12 Pro,Italy,"6.1""",128GB,,Gold
MGMR3QL,iPhone,iPhone 12 Pro,Italy,"6.1""",256GB,,Gold
MGMW3QL,iPhone,iPhone 12 Pro,Italy,"6.1""",512GB,,Gold
MGMN3QL,iPhone,iPhone 12 Pro,Italy,"6.1""",128GB,,Pacific Blue
MGMT3QL,iPhone,iPhone 12 Pro,Italy,"6.1""",256GB,,Pacific Blue
MGMX3QL,iPhone,iPhone 12 Pro,Italy,"6.1""",512GB,,Pacific Blue
MGD73QL,iPhone,iPhone 12 Pro Max,Italy,"6.7""",128GB,,Graphite
MGDC3QL,iPhone,iPhone 12 Pro Max,Italy,"6.7""",256GB,,Graphite
MGDG3QL,iPhone,iPhone 12 Pro Max,Italy,"6.7""",512GB,,Graphite
MGD83QL,iPhone,iPhone 12 Pro Max,Italy,"6.7""",128GB,,Silver
MGDD3QL,iPhone,iPhone 12 Pro Max,Italy,"6.7""",256GB,,Silver
MGDH3QL,iPhone,iPhone 12 Pro Max,Italy,"6.7""",512GB,,Silver
MGD93QL,iPhone,iPhone 12 Pro Max,Italy,"6.7""",128GB,,Gold
MGDE3QL,iPhone,iPhone 12 Pro Max,Italy,"6.7""",256GB,,Gold
MGDK3QL,iPhone,iPhone 12 Pro Max,Italy,"6.7""",512GB,,Gold
MGDA3QL,iPhone,iPhone 12 Pro Max,Italy,"6.7""",128GB,,Pacific Blue
MGDF3QL,iPhone,iPhone 12 Pro Max,Italy,"6.7""",256GB,,Pacific Blue
MGDL3QL,iPhone,iPhone 12 Pro Max,Italy,"6.7""",512GB,,Pacific Blue
MGN63T,Mac,Air,US,13-inch,256GB,M1 Chip with 8_Core CPU and 7_Core GPU,Space Gray
MGND3T,Mac,Air,US,13-inch,256GB,M1 Chip with 8_Core CPU and 7_Core GPU,Gold
MGN93T,Mac,Air,US,13-inch,256GB,M1 Chip with 8_Core CPU and 7_Core GPU,Silver
MGN73T,Mac,Air,US,13-inch,512GB,M1 Chip with 8-Core CPU and 8-Core GPU,Space Gray
MGNE3T,Mac,Air,US,13-inch,512GB,M1 Chip with 8-Core CPU and 8-Core GPU,Gold
MGNA3T,Mac,Air,US,13-inch,512GB,M1 Chip with 8-Core CPU and 8-Core GPU,Silver
MYD82T,Mac,Pro,US,13-inch,256GB,M1 Chip with 8-Core CPU and 8-Core GPU,Space Gray
MYDA2T,Mac,Pro,US,13-inch,256GB,M1 Chip with 8-Core CPU and 8-Core GPU,Silver
MYD92T,Mac,Pro,US,13-inch,512GB,M1 Chip with 8-Core CPU and 8-Core GPU,Space Gray
MYDC2T,Mac,Pro,US,13-inch,512GB,M1 Chip with 8-Core CPU and 8-Core GPU,Silver
MHDH3QL,iPhone,iPhone 11,Italy,"6.1""",128GB,,Black